Brand,Profile Template,Category
Almora,Almora - STRAIN 3.5g,Flower
Astronauts,Astronauts - STRAIN 3.5g,Flower
Bear Labs,Bear Labs - STRAIN Tier 1 Budder 1g,Extract
Bear Labs,Bear Labs - STRAIN Tier 2 Budder/Diamonds 1g,Extract
Bear Labs,Bear Labs - STRAIN Tier 3 Budder 1g,Extract
Bear Labs,Bear Labs - STRAIN Tier 4 Budder 1g,Extract
Bear Labs,Bear Labs - STRAIN Tier 1 Live Rosin 1g,Extract
Bear Labs,Bear Labs - STRAIN Tier 2 Live Rosin 1g,Extract
Bear Labs,Bear Labs - STRAIN Tier 3 Live Rosin 1g,Extract
Bear Labs,Bear Labs - STRAIN Tier 4 Live Rosin 1g,Extract
Bear Labs,Bear Labs - STRAIN Live Resin Sauce Vape 1g,Vape
Black Label,Black Label - STRAIN 3.5g,Flower
Black Label,Black Label - STRAIN Preroll 1g,Preroll
Black Label Platinum,Black Label Platinum - STRAIN 3.5g,Flower
Blazy Susan,Blazy Susan - Honey Lemon Tea Leaf Wraps 2pk,Accessories
Blazy Susan,Blazy Susan - Peach Tea Leaf Cones King Size 2pk,Accessories
Blazy Susan,Blazy Susan - Pink Paper Cones 6pk 1-1/4,Accessories
Blazy Susan,Blazy Susan - Purple Paper Cones 6pk 1-1/4,Accessories
Blazy Susan,Blazy Susan - Purple Rolling Papers 1-1/4 50ct,Accessories
Blazy Susan,Blazy Susan - Rose Cones 2pk,Accessories
Blazy Susan,Blazy Susan - Ultra-thin Rice Cones King Size 3pk,Accessories
Blazy Susan,Blazy Susan - Unbleached Paper Cones King Size 3pk,Accessories
Blem,Blem - STRAIN 3.5g,Flower
Blem,Blem x Coldfire - STRAIN Vape 1g,Vape
Blem,Blem - STRAIN Preroll 5pk 3.75g,Preroll
Blem,Blem - STRAIN Preroll .75g,Preroll
Block Party,Block Party - STRAIN 7g,Flower
Block Party,Block Party - STRAIN 28g,Flower
Block Party Exotics,Block Party Exotics - STRAIN 28g,Flower
Bloom,Bloom - STRAIN Vape 1g,Vape
BIO Glass,BIO Glass - Natural Beeswax Hemp Wick w/ Built-In Blade 15ft,Accessories
BIO Glass,BIO Glass - BIOSTIX Chillum,Accessories
BIO Glass,BIO Glass - 5 in. 14mm Mini Heavy Duty COLOR Beaker Water Pipe,Accessories
Biohazard,Biohazard - 6 in. Two Hook COLOR Water Pipe,Accessories
Biohazard,Biohazard - 6 in. Diffused Fume Sherlock Bubbler,Accessories
Biohazard,Biohazard - 5 in. Striped Sherlock Bubbler,Accessories
Biohazard,Biohazard - 9 in. COLOR Straight Water Pipe,Accessories
Biohazard,Biohazard - 10 in. 19mm COLOR Wrap & Rake Beaker Water Pipe,Accessories
Biohazard,Biohazard - 5 in Lotus Flower Hand Pipe,Accessories
Biohazard,Biohazard - 3.5 in. Slyme 2-Tone Bulge Hand Pipe,Accessories
Biohazard,Biohazard - 14mm Ring Funnel Bowl,Accessories (Under $5)
Biohazard,Biohazard - 3 in. Candy Cane Glass Hand Pipe,Accessories (Under $5)
Biohazard,Biohazard - 3.5 in. Slyme Swirl Hand Pipe,Accessories
Biohazard,Biohazard - 4 in. Thick Candy Cane Spoon Hand Pipe,Accessories
Biohazard,Biohazard - 14mm 7 in. Hexagon Beaker,Accessories
Biohazard,Biohazard - 14mm 10 in. Hexagon Beaker,Accessories
Biohazard,Biohazard - 14mm 8 in. COLOR Trim Beaker,Accessories
Bud Society,Bud Society - Sample - (BRAND) STRAIN 1g,Sample
Camino,Camino - Holiday Punch Gummies 100mg,Gummies
Camino,Camino - Pineapple Habanero Gummies 100mg,Gummies
Camino,Camino - Pride Passion Fruit Gummies 100mg,Gummies
Camino,Camino - Raspberry Lemonade Sours 100mg,Gummies
Camino,Camino - Strawberry Sunset Sours Gummies 100mg,Gummies
Camino,Camino - Watermelon Lemonade Gummies 100mg,Gummies
Camino,Camino - Watermelon Spritz Sours Gummies 100mg,Gummies
Camino,Camino - Wild Berry Gummies 100mg,Gummies
Camino,Camino - Blackberry Sours Cbn Gummies 1:1:1 Thc:Cbd:Cbn 100mg,Gummies
Camino,Camino - Mango Serenity Gummies 1:1 CBD 100mg,Gummies
Camino,Camino - Midnight Blueberry Gummies 5:1 CBN 100mg,Gummies
Camino,Camino - Orchard Peach Sours Gummies 1:1 CBD 100mg,Gummies
Camino,Camino - Sparkling Pear Gummies 3:1 CBD 40mg,Gummies
Camino,Camino - Tropical Burst Sour Gummies 2:1 THCv 100mg,Gummies
Camino,Camino - Wild Cherry Gummies 1:1:1 THC:CBC:CBG 100mg,Gummies
CES,CES - STRAIN Sauce/Budder/Live Resin Sauce/Live Resin Budder 1g,Extract
Cizi,Cizi - STRAIN Preroll 1g,Preroll
Cloud9ne,Cloud9ne - STRAIN 3.5g,Flower
Crave,Crave - Coco Crunch Chocolate 100mg,Chocolates
Crave,Crave - Cookies and Cream Chocolate 100mg,Chocolates
Crave,Crave - Crime Scene Bar 100mg,Chocolates
Crave,Crave - Dark Chocolate 100mg,Chocolates
Crave,Crave - Milk Chocolate 100mg,Chocolates
Crave,Crave - Peanut Buttercup Chocolate 100mg,Chocolates
Crave,Crave - Rainbow Crunch Chocolate 100mg,Chocolates
Crave,Crave - Snickerdoodle Chocolate 100mg,Chocolates
Crave,Crave - Sweet Dreams CBN Chocolate 100mg,Chocolates
Crave,Crave - Mini Coco Crunch Chocolate 10mg,Chocolates
Crave,Crave - Mini Cookies and Cream Chocolate 10mg,Chocolates
Crave,Crave - Mini Rainbow Crunch Chocolate 10mg,Chocolates
Crash Out,Crash Out - STRAIN Live Resin Sugar 1g,Extract
Daily Dose,Daily Dose - Elevate HTE Blend High THC Syringe 1g,Extract
Daily Dose,Daily Dose - Balance HTE Blend 1:1 CBD Syringe 1g,Extract
Daily Dose,Daily Dose - Dream Dose HTE Blend CBD CBN Syringe 1g,Extract
Daily Dose,Daily Dose - Pure RSO Syringe 1g,Extract
Daily Dose,Daily Dose - Dream Dose RSO Syringe CBD CBN 1g,Extract
Dope St.,Dope St. - STRAIN 14g,Flower
Dope St. Exotics,Dope St. Exotics - STRAIN 14g,Flower
Dragon Cartel,Dragon Cartel - 14mm Inside Out Fret Round Bowl,Accessories
Dragon Cartel,Dragon Cartel - 3 in. Double Color Swirl Hand Pipe,Accessories
Dragon Cartel,Dragon Cartel - 2.5 in. Fumed Frit Hand Pipe,Accessories
Dragon Cartel,Dragon Cartel - 3 in. Silver Fume Marble Hand Pipe,Accessories
Dragon Cartel,Dragon Cartel - 3 in. Heavy Dotted Frit Hand Pipe,Accessories
Dragon Cartel,Dragon Cartel - 4 in. Heavy Full Frit Art Hand Pipe,Accessories
Dragon Cartel,Dragon Cartel - 4 in. Heavy Art Hand Pipe,Accessories
Dragon Cartel,Dragon Cartel - 2.5 in. Frit Swirl Spoon Hand Pipe,Accessories
Dragon Cartel,Dragon Cartel - 3 in. Double Color Hand Pipe,Accessories
Dragon Cartel,Dragon Cartel - 4 in. Cold Fume Hand Pipe,Accessories
Dragon Cartel,Dragon Cartel - 10 in. Decal Beaker Bong,Accessories
Dragon Cartel,Dragon Cartel - 6 in. Round Perc Mini Rig,Accessories
Dragon Cartel,Dragon Cartel - Gold Fume Bubbler,Accessories
Dragon Cartel,Dragon Cartel - Slime Bee Design Sherlock Pipe,Accessories
Dragon Cartel,Dragon Cartel - 5 in. Frit Bubbler,Accessories
Dragon Cartel,Dragon Cartel - 3 in. Gold Fume One Hitter,Accessories
Dragon Cartel,Dragon Cartel - 6 in. Mushroom Perc Straight Tube Mini Rig,Accessories
Dragon Cartel,Dragon Cartel - 4 in. Lizard Design One Hitter,Accessories
Dragon Cartel,Dragon Cartel - 14mm Male Quartz Banger Angle Cut Top,Accessories
Dragon Cartel,Dragon Cartel - 18mm Male Quartz Banger Flat Top,Accessories
Dragon Cartel,Dragon Cartel - 2.5 in. Hand Pipe,Accessories
Dragon Cartel,Dragon Cartel - 14mm Color Tube Bowl,Accessories
Dragon Cartel,Dragon Cartel - 14mm Color Rim Bowl,Accessories
Dragon Cartel,Dragon Cartel - Water Color Silicone Hand Pipe,Accessories
Dragon Cartel,Dragon Cartel - 6 in. Shower Perc Mini Rig,Accessories
Dragon Cartel,Dragon Cartel - 12 in. Clear Straight Tube,Accessories
Dragon Cartel,Dragon Cartel - 10 in. Beaker Bong,Accessories
Dragon Cartel,Dragon Cartel - Mini Bubbler,Accessories
Dr. Norm's,Dr. Norm's - Sleep Well All In One Vape 1g,Vape
Dr. Norm's,Dr. Norm's - Hybrid THC Max Tablets 20ct 1000mg,Specialty Edibles
Dr. Norm's,Dr. Norm's - Indica THC Max Tablets 20ct 1000mg,Specialty Edibles
Dr. Norm's,Dr. Norm's - Sativa THC Max Tablets 20ct 1000mg,Specialty Edibles
Dr. Norm's,Dr. Norm's - Nano Sleep Tablets 2:2:1:1 THC:CBN:CBD:CBG 20ct 200mg,Specialty Edibles
Dr. Norm's,Dr. Norm's - Pain Relief Tablets 10:5:10:60:10:10 THC:THCv:THCa:CBD:CBDa:CBG 20ct 100mg,Specialty Edibles
Dr. Norm's,Dr. Norm's - Indica THC Max Tablets 2ct 100mg,Specialty Edibles
Dr. Norm's,Dr. Norm's - Hybrid THC Max Tablets 2ct 100mg,Specialty Edibles
Dr. Norm's,Dr. Norm's - Sativa THC Max Tablets 2ct 100mg,Specialty Edibles
Dr. Norm's,Dr. Norm's - Nano Sleep Tablets 2:2:1:1 THC:CBN:CBD:CBG 2ct 20mg,Specialty Edibles
Dr. Norm's,Dr. Norm's - Pain Relief Tablets 10:5:10:60:10:10 THC:THCv:THCa:CBD:CBDa:CBG 2ct 10mg,Specialty Edibles
Dr. Norm's,Dr. Norm's - 20's Chocolate Chip Cookies 5pk 100mg,Baked Goods
Dr. Norm's,Dr. Norm's - 20's Snickerdoodle Cookies 5pk 100mg,Baked Goods
Dr. Norm's,Dr. Norm's - Chocolate Chip Cookie Single 10mg,Baked Goods
Dr. Norm's,Dr. Norm's - MAX Chocolate Chip Cookie 100mg,Baked Goods
Dr. Norm's,Dr. Norm's - MAX Peanut Butter Chocolate Chip Cookie 100mg,Baked Goods
Dr. Norm's,Dr. Norm's - MAX Red Velvet Cookie 100mg,Baked Goods
Dr. Norm's,Dr. Norm's - MAX Snickerdoodle Cookie 100mg,Baked Goods
Dr. Norm's,Dr. Norm's - Chocolate Fudge Brownie 100mg,Baked Goods
Dr. Norm's,Dr. Norm's - Salted Caramel Blondie 100mg,Baked Goods
Dr. Norm's,Dr. Norm's - Chocolate Chip Cookies 10pk 100mg,Baked Goods
Dr. Norm's,Dr. Norm's - Chocolate Chip Cookies 1:1 CBD 10pk 100mg,Baked Goods
Dr. Norm's,Dr. Norm's - Peanut Butter Chocolate Chip Cookies 10pk 100mg,Baked Goods
Dr. Norm's,Dr. Norm's - Pecan Shortbread Cookies 10pk 100mg,Baked Goods
Dr. Norm's,Dr. Norm's - Red Velvet Cookies 10pk 100mg,Baked Goods
Dr. Norm's,Dr. Norm's - Snickerdoodle Cookies 10pk 100mg,Baked Goods
Dr. Norm's,Dr. Norm's - NANO Cookies N Cream Cookies 10pk 100mg,Baked Goods
Dr. Norm's,Dr. Norm's - Chocolate Crispy Rice Bar 100mg,Baked Goods
Dr. Norm's,Dr. Norm's - Matcha Crispy Rice Bar 100mg,Baked Goods
Dr. Norm's,Dr. Norm's - Original Crispy Rice Bar 100mg,Baked Goods
Dr. Norm's,Dr. Norm's - Fruity Pebbles Crispy Rice Bar 100mg,Baked Goods
Dr. Norm's,Dr. Norm's - NANO Cinnamon Toast Crispy Rice Bar 100mg,Baked Goods
Dr. Norm's,Dr. Norm's - NANO Very Berry Crunch Crispy Rice Bar 100mg,Baked Goods
Dunzo,Dunzo - STRAIN Preroll 1g,Preroll
Dunzo,Dunzo - STRAIN Preroll 25pk 1g,Preroll
Dunzo,Dunzo - STRAIN Vape 1g,Vape
Dunzo,Dunzo - STRAIN Live Resin Vape 1g,Vape
Dunzo,Dunzo - STRAIN Disposable 1g,Vape
Dunzo,Dunzo - 510 Battery,Accessories
Dunzo,Dunzo - Halloween 510 Battery,Accessories
Fat Stash,Fat Stash - STRAIN 28g,Flower
Flavorade,Flavorade - STRAIN Live Resin Vape 1g,Vape
Vuze,Vuze - STRAIN Live Resin Vape 1g,Vape
Flavorz,Flavorz - STRAIN AIO 1g,Vape
Fog City Farms,Fog City Farms - STRAIN 3.5g,Flower
Fog City Farms,Fog City Farms - STRAIN Smalls 7g,Flower
Froot,Froot - M.Y. Sleep 5:2 THC:CBN 100mg,Gummies
Good Tide,Good Tide - Guava Balanced Rosin Gummies 100mg,Gummies
Good Tide,Good Tide - Mango Mellow Rosin Gummies 100mg,Gummies
Good Tide,Good Tide - Pineapple Uplifting Rosin Gummies 100mg,Gummies
Good Tide,Good Tide - Grapefruit Gummies 1:1:1 THC:CBD:CBC 100mg,Gummies
Good Tide,Good Tide - Passion Fruit Gummies 1:1:1 THC:CBD:CBN 100mg,Gummies
Happy Fruit,Happy Fruit - Berry Cool Rosin Gummies 5ct 100mg,Gummies
Happy Fruit,Happy Fruit - Peach Paradise Rosin Gummies 5ct 100mg,Gummies
Happy Fruit,Happy Fruit - Watermelon Lifted Lemonade Rosin Gummies 5ct 100mg,Gummies
Happy Fruit,Happy Fruit - Moon Berry Rosin Gummies THC:CBN 2:1 5ct 100mg,Gummies
Happy Fruit,Happy Fruit - Peaceful Pineapple Rosin Gummies THC:CBD:CBG 1:1:1 5ct 100mg,Gummies
Happy Fruit,Happy Fruit - Raspberry Remedy Rosin Gummies THC:CBG:CBC 1:1:1 5ct 100mg,Gummies
Happy Fruit,Happy Fruit - Strawberry Lifted Rosin Gummies THC:THC-V 2:1 5ct 100mg,Gummies
Happy Fruit,Happy Fruit - Sublime Lemon Lime Rosin Gummies THC:CBD 1:2 5ct 100mg,Gummies
Haven,Haven - Main Collection - EZ Reach Lighter,Accessories
Haven,Haven - Main Collection - BIC Lighter,Accessories
Haven,14mm Clover Round Flower Design Bowl,Accessories
Haven,14mm Inside Out Round Design Bowl,Accessories
Haven,4 in. Heavy Hand Pipe,Accessories
Haven,9MM 12 in. Clear Beaker Bong with Color Mouthpiece,Accessories
Haven,Metal Dab Tool,Accessories
Haven,Rainbow Metal Dab Tool,Accessories
Haven,Gold Color Silicon Dab Tool,Accessories
Haven,2.5 in. Hand Pipe,Accessories
Haven,3 in. Hand Pipe,Accessories
Haven,OG Chillium,Accessories (Under $5)
Haven,Assorted Carb Caps,Accessories
Haven,14mm Male Quartz Flat Top Leaf Sand Blasted Banger 2MM,Accessories
Haven,Haven - Sample - Electric Grinder,Sample
Haven,14mm Round Recycler Rig with Banger,Accessories
Haven,2.5 in. Mixed Frit Spoon Hand Pipe,Accessories
Haven,Water Color Silicone Hand Pipe with Metal Screen,Accessories
Haven,3 in. Swirl Ring Frit Hand Pipe,Accessories
Haven,Metal Silver Screen,Accessories (Under $5)
Haven,4 in. Heavy Full Frit Hand Pipe,Accessories
Haven,4 in Gold Fume Art Hand Pipe,Accessories
Haven,Plastic Grinder,Accessories (Under $5)
Haven,63mm Metal Grinder,Accessories
Haven,Assorted Roach Clips,Accessories (Under $5)
Haven,Haven - Main Collection - 2 in. Haven Logo Circle Sticker,Accessories (Under $5)
Haven,Haven - Main Collection - 2 in. Haven Gardening Circle Sticker,Accessories (Under $5)
Haven,Haven - Main Collection - 2 in. Graphic Haven Logo Circle Sticker,Accessories (Under $5)
Haven,Haven - Main Collection - Good Weed Shirt,Apparel
Haven,Haven - Main Collection - California Shirt,Apparel
Haven,Haven - Main Collection - Haven Gardening Shirt,Apparel
Haven,Haven - Limited Edition - Preroll Heavyweight Brown Hoodie,Apparel
Haven,Haven - Limited Edition - 420 Apron,Apparel
Haven Hearts,Haven Hearts - STRAIN Preroll 1g,Preroll
High Five,High Five - STRAIN 5g,Flower
High Gorgeous,High Gorgeous - Ice Goddess Cooling Roll On 1:1 THC:CBD 750mg,Topical
High Gorgeous,High Gorgeous - Ice Queen Cooling Roll On 2:1 CBD:THC 150mg,Topical
High Gorgeous,High Gorgeous - In The Nude Unscented Body Butter 1000mg,Topical
High Gorgeous,High Gorgeous - Cheeky Minx Blood Orange Body Butter 1:1 THC:CBD 500mg,Topical
High Gorgeous,High Gorgeous - Pina Co Canna Pina Colada Body Butter 2:2:1 CBD:THC:THCA 100mg,Topical
High Hemp,High Hemp - FLAVOR Organic Hemp Blunt Wraps 2pk,Accessories (Under $5)
INTEGRA,INTEGRA - BOOST Humidity Pack 62% 1g,Accessories (Under $5)
Jeeter,Jeeter - STRAIN Liquid Diamonds Vape 1g,Vape
Jeeter,Jeeter - STRAIN Infused Preroll 0.5g,Sample
Jeeter,Jeeter - STRAIN Infused Preroll 1g,Preroll
Jeeter,Jeeter - STRAIN XL Infused Preroll 2g,Preroll
Jeeter,Jeeter - STRAIN Infused Preroll 5pk 2.5g,Preroll
Jeeter,Jeeter - STRAIN Infused Cannon 1.3g,Preroll
Jeeter,Jeeter - STRAIN Infused Cannon 3pk 1.5g,Preroll
Juicy Jay's,Juicy Jay's - 1.25 FLAVOR Rolling Paper,Accessories (Under $5)
King Palm,King Palm - FLAVOR Mini Rolls 2pk,Accessories
Kiva,Kiva - Dark Chocolate 100mg,Chocolates
Kiva,Kiva - Milk Chocolate 100mg,Chocolates
Kiva,Kiva - Terra Blueberry Milk Chocolate Bites 100mg,Chocolates
Kiva,Kiva - Terra Dark Chocolate Espresso Beans Bites 100mg,Chocolates
Kurvana,Kurvana - STRAIN Originals 1g,Vape
Kurvana,Kurvana - STRAIN ASCND 1g,Vape
Lil' Buzzies,Lil' Buzzies - STRAIN Smalls 7g,Flower
Lime,Lime - STRAIN Infused Preroll 1.75g,Preroll
Lime,Lime - STRAIN Infused Lil' Limes Preroll 5pk 3g,Preroll
Lime,Lime - Blue Raspberry Live Resin Syrup 1000mg,Tincture
Lime,Lime - Fruit Punch Live Resin Syrup 1000mg,Tincture
Lime,Lime - Galactic Grape Live Resin Syrup 1000mg,Tincture
Lime,Lime - Green Apple Live Resin Syrup 1000mg,Tincture
Lime,Lime - Pineapple Live Resin Syrup 1000mg,Tincture
Lime,Lime - Watermelon Live Resin Syrup 1000mg,Tincture
Lost Farm,Lost Farm - Dark Cherry (Illuminati OG) Live Rosin Gummies 100mg,Gummies
Lost Farm,Lost Farm - Juicy Peach (Mimosa) Live Resin Gummies 100mg,Gummies
Lost Farm,Lost Farm - Key Lime Pie (Grand Guava) Live Rosin Gummies 100mg,Gummies
Lost Farm,Lost Farm - Papaya Peach (Hindu Kush) Live Resin Gummies 100mg,Gummies
Lost Farm,Lost Farm - Raspberry (Wedding Cake) Live Resin Gummies 100mg,Gummies
Lost Farm,Lost Farm - Strawberry Lemonade (Super Lemon Haze) Live Resin Gummies 100mg,Gummies
Lost Farm,Lost Farm - Watermelon (Ice Cream Cake) Live Rosin Gummies 100mg,Gummies
Lost Farm,Lost Farm - Yuzu Fizz (Sour Dream) Live Rosin Gummies  100mg,Gummies
Lost Farm,Lost Farm - Blueberry (Blue Dream) Live Resin Chews 100mg,Gummies
Lost Farm,Lost Farm - Cherry Lime (GMO) Live Rosin Chews 100mg,Gummies
Lost Farm,Lost Farm - Vanilla Latte (Cereal Milk) Live Rosin Chews 100mg,Gummies
Lost Farm,Lost Farm - Pink Lemonade (Durban Poison) Live Resin Chews 100mg,Gummies
Lost Farm,Lost Farm - Strawberry (Pink Jesus) Live Resin Chews 100mg,Gummies
Lost Farm,Lost Farm - Watermelon (Gelato) Live Resin Chews 100mg,Gummies
Lost Farm,Lost Farm - Mango (Jack Herer) Live Resin Chews 10:5 THC/THCv 100mg,Gummies
Lost Farm,Lost Farm - Black Raspberry (Northern Lights) Live Resin Gummies 10:5 THC/CBN 100mg,Gummies
Lost Farm,Lost Farm - White Peach (White Widow & White CBG) Live Resin Gummies 1:1 THC/CBG 100mg,Gummies
Made from Dirt,Made from Dirt - Pain Relief Salve 1:1 CBD 100mg,Topical
Made from Dirt,Made from Dirt - Cooling Pain Relief Salve CBD 1:1 100mg,Topical
Made from Dirt,Made from Dirt - Sleep Balm 1:1 CBD 100mg,Topical
Made from Dirt,Made from Dirt - Sunflower Salve 1:1 CBD 100mg,Topical
MikroDose,MikroDose - STRAIN 10g,Flower
Muha Meds,Muha Meds - STRAIN Hash Rosin 1g,Extract
Muha Meds,Muha Meds - STRAIN AIO 1g,Vape
Muha Meds,Muha Meds - STRAIN Melted Diamonds Vape 1g,Vape
Muha Meds,Muha Meds - STRAIN Melted Diamonds AIO 1g,Vape
Muha Meds,Muha Meds - STRAIN Kief Coated Mates Infused Preroll 5pk 3g,Preroll
Nuggies,Nuggies - STRAIN Smalls 20g,Flower
Oakland Extracts,Oakland Extracts - STRAIN Rosin 1g,Extract
Papa & Barkley,Papa & Barkley - 3:1 Transdermal Releaf Patch CBD Rich 7.5mg,Topical
Papa & Barkley,Papa & Barkley - 1:1 Transdermal Releaf Patch CBD:THC 30mg,Topical
Papa & Barkley,Papa & Barkley - 1:3 Transdermal Releaf Patch THC Rich 22.5mg,Topical
Papa & Barkley,Papa & Barkley - Berry Pomegranate 1:1:1 CBN Sleep Gummies 100mg,Gummies
Papa & Barkley,Papa & Barkley - 1:3 Releaf Balm THC Rich 15ml 90mg,Topical
Papa & Barkley,Papa & Barkley - 1:3 Releaf Balm THC Rich 50ml 300mg,Topical
Papa & Barkley,Papa & Barkley - 3:1 Releaf Balm CBD Rich 15ml 45mg,Topical
Papa & Barkley,Papa & Barkley - 3:1 Releaf Balm CBD Rich 50ml 150mg,Topical
Papa & Barkley,Papa & Barkley - 1:3 Releaf Body Oil 60ml 300mg,Topical
Papa & Barkley,Papa & Barkley - 30:1 Releaf Tincture CBD Rich 15ml 15mg,Tincture
Papa & Barkley,Papa & Barkley - 30:1 Releaf Tincture CBD Rich 30ml 29mg,Tincture
Papa & Barkley,Papa & Barkley - 1:3 Releaf Tincture THC Rich 15ml 337.5mg,Tincture
Papa & Barkley,Papa & Barkley - 1:3 Releaf Tincture THC Rich 30ml 675mg,Tincture
Papa & Barkley,Papa & Barkley - 1:1a Releaf Tincture THCa:CBD 15ml 225mg,Tincture
Papa & Barkley,Papa & Barkley - 1:1a Releaf Tincture THCa:CBD 30ml 450mg,Tincture
Papa & Barkley,Papa & Barkley - Releaf Tincture THC1000 15ml 1000mg,Tincture
Papa & Barkley,Papa & Barkley - Sleep Releaf Tincture 1:1:1 CBN:CBD:THC 15ml 495mg,Tincture
Planta,Planta - STRAIN 3.5g,Flower
Plug Play,Plug Play - Black Battery,Accessories
Plug Play,Plug Play - COLOR Steel Battery,Accessories
Plug Play,Plug Play - DNA STRAIN 1g,Vape
Plug Play,Plug Play - Exotics STRAIN 1g,Vape
Presidential,Presidential - STRAIN Preroll 1g,Preroll
Presidential,Presidential - STRAIN Blunt 1.5g,Preroll
Presidential,Presidential - STRAIN Moonrocks 2g,Flower
Pretty Dope,Pretty Dope - STRAIN Terpene-Infused Preroll 1g,Preroll
Pretty Dope,Pretty Dope - STRAIN Live Resin Vape 1g,Vape
Pretty Dope,Pretty Dope - STRAIN Vape 1g,Vape
Pretty Dope,Pretty Dope - STRAIN Disposable 1g,Vape
Pretty Dope,Pretty Dope - FLAVOR Lipstick Live Resin All-In-One 1g,Vape
Pretty Dope,Pretty Dope - 510 COLOR Battery,Accessories
PTO,PTO - STRAIN 3.5g,Flower
Pusha,Pusha - STRAIN 1g,Vape
Pusha,Pusha - Battery,Accessories
Pusha,Pusha - Kinect Battery Charger,Accessories
Quiet Kings,Quiet Kings - STRAIN Preroll 1g,Preroll
RAW,Raw - Classic 1.25 Rolling Paper,Accessories (Under $5)
RAW,Raw - Classic Pre-rolled Cones 6pk,Accessories
Roll & Ready,Roll & Ready - STRAIN Raw Shake 20g,Flower
Roll & Ready,Roll & Ready - FLAVOR Infused Shake 10g,Flower
Rove,Rove - STRAIN Reload Live Resin Diamonds Pod 1g,Vape
Rove,Rove - STRAIN RTU Live Resin Diamonds Vape 1g,Vape
Side Hustle,Side Hustle - 510 COLOR Battery,Accessories
Side Hustle,Side Hustle - STRAIN Vape 1g,Vape
Side Hustle,Side Hustle - STRAIN Live Resin Vape 1g,Vape
Side Hustle,Side Hustle - STRAIN Disposable 1g,Vape
Side Hustle,Side Hustle - STRAIN Preroll 1g,Preroll
Side Hustle,Side Hustle - STRAIN Shake 28g,Flower
Side Hustle,Side Hustle - STRAIN 3.5g,Flower
Side Hustle,Side Hustle - STRAIN Premium 14g,Flower
Side Hustle,Side Hustle - STRAIN 28g,Flower
Sip Elixirs,Sip Elixirs - Blue Razz 100mg,Drinks
Sip Elixirs,Sip Elixirs - Dreamberry 100mg,Drinks
Sip Elixirs,Sip Elixirs - Electric Lemon 100mg,Drinks
Sip Elixirs,Sip Elixirs - Hurricane Party 100mg,Drinks
Sip Elixirs,Sip Elixirs - Sunset Punch 100mg,Drinks
Sip Elixirs,Sip Elixirs - Watermelon Chill 100mg,Drinks
Sip Elixirs,Sip Elixirs - Wild Berry Sleep 100mg,Drinks
Sparkiez,STRAIN Preroll 1g,Preroll
St. Ides,St. Ides - Georgia Peach High Tea 100mg,Drinks
St. Ides,St. Ides - High Punch Drink High Tea 100mg,Drinks
St. Ides,St. Ides - Lemonade High Tea 100mg,Drinks
St. Ides,St. Ides - Maui Mango High Tea 100mg,Drinks
St. Ides,St. Ides - Pear Lychee High Tea 100mg,Drinks
St. Ides,St. Ides - Wild Raspberry High Tea 100mg,Drinks
St. Ides,St. Ides - Energy Blast 4oz Shot 100mg,Drinks
Not Your Father's,Not Your Father's - Alpine Splash 16oz 100mg,Drinks
Not Your Father's,Not Your Father's - Root Beer 16oz 100mg,Drinks
Stiiizy,Stiiizy - Black Bar Dual Pod Battery,Accessories
Stiiizy,Stiiizy - Pro COLOR Battery,Accessories
Stiiizy,Stiiizy - STRAIN Curated Live Resin/Sauce 1g,Extract
Stiiizy,Stiiizy - STRAIN Live Resin Diamonds 1g,Extract
Stiiizy,Stiiizy - STRAIN 40's Infused 7g,Flower
Stiiizy,Stiiizy - Black Bag STRAIN 3.5g,Flower
Stiiizy,Stiiizy - White Bag STRAIN 3.5g,Flower
Stiiizy,Stiiizy - STRAIN 40's Infused Blunt 2g,Preroll
Stiiizy,Stiiizy - STRAIN 40's Infused Preroll 1g,Preroll
Stiiizy,Stiiizy - STRAIN 40's Mini Infused Blunts 5pk 2.5g,Preroll
Stiiizy,Stiiizy - STRAIN 40's Mini Infused Preroll 5pk 2.5g,Preroll
Stiiizy,Stiiizy - STRAIN Mini Preroll 5pk 2.5g,Preroll
Stiiizy,Stiiizy - STRAIN Disposable 1g,Vape
Stiiizy,Stiiizy - STRAIN Liiil Stiiizy Disposable .5g,Vape
Stiiizy,Stiiizy - STRAIN Live Resin Liquid Diamonds Disposable 1g,Vape
Stiiizy,Stiiizy - STRAIN Live Resin Liquid Diamonds Pod .5g,Vape
Stiiizy,Stiiizy - STRAIN Live Resin Liquid Diamonds Pod 1g,Vape
Stiiizy,Stiiizy - STRAIN Pod .5g,Vape
Stiiizy,Stiiizy - STRAIN Pod 1g,Vape
Traditional,Traditional - STRAIN 3.5g,Flower
Turn,Turn - STRAIN Retrovision Disposable 1g,Vape
Turn,Turn - STRAIN Turn Up/Turn Down Disposable 1g,Vape
Turn,Turn - STRAIN Turn Up/Turn Down Live Resin Disposable 1g,Vape
Twisted Hemp,Twisted Hemp - FLAVOR Blunt Wraps 4pk,Accessories (Under $5)
Uncle Arnie's,Uncle Arnie's - Cherry Limeade 7.5oz 10mg,Drinks
Uncle Arnie's,Uncle Arnie's - Iced Tea Lemonade 7.5oz 10mg,Drinks
Uncle Arnie's,Uncle Arnie's - Watermelon Wave 7.5oz 10mg,Drinks
Uncle Arnie's,Uncle Arnie's - Zen Green Tea 7.5oz 10mg,Drinks
Uncle Arnie's,Uncle Arnie's - Grape Soda 12oz 100mg,Drinks
Uncle Arnie's,Uncle Arnie's - Iced Tea Lemonade 12oz 100mg,Drinks
Uncle Arnie's,Uncle Arnie's - Orange Soda 12oz 100mg,Drinks
Uncle Arnie's,Uncle Arnie's - Strawberry Soda 12oz 100mg,Drinks
Uncle Arnie's,Uncle Arnie's - Sweet Peach Iced Tea 12oz 100mg,Drinks
Uncle Arnie's,Uncle Arnie's - Smacking Apple 12oz 100mg,Drinks
Uncle Arnie's,Uncle Arnie's - Watermelon Wave 12oz 100mg,Drinks
Uncle Arnie's,Uncle Arnie's - Pineapple Paradise 12oz 100mg,Drinks
Uncle Arnie's,Uncle Arnie's - Iced Tea Lemonade 8oz 100mg,Drinks
Uncle Arnie's,Uncle Arnie's - Pineapple Paradise 8oz 100mg,Drinks
Uncle Arnie's,Uncle Arnie's - Smacking Apple 8oz 100mg,Drinks
Uncle Arnie's,Uncle Arnie's - Sweet Peach Iced Tea 8oz 100mg,Drinks
Uncle Arnie's,Uncle Arnie's - Watermelon Wave 8oz 100mg,Drinks
Uncle Arnie's,Uncle Arnie's - Blackberry Lemonade Live Resin 8oz 100mg,Drinks
Uncle Arnie's,Uncle Arnie's - Pacific Surge Live Resin 8oz 100mg,Drinks
Uncle Arnie's,Uncle Arnie's - Raspberry Lemonade Live Resin 8oz 100mg,Drinks
Uncle Arnie's,Uncle Arnie's - Tropical Twist Live Resin 8oz 100mg,Drinks
Uncle Arnie's,Uncle Arnie's - Blueberry Night Cap 4:1 THC:CBN 2oz 100mg,Drinks
Uncle Arnie's,Uncle Arnie's - Magic Mango 2oz 100mg,Drinks
Uncle Arnie's,Uncle Arnie's - Strawberry Kiwi 2oz 100mg,Drinks
Uncle Arnie's,Uncle Arnie's - Sunrise Orange with Caffeine 2oz 100mg,Drinks
Vet CBD,Vet CBD - 20:1 Regular Strength Tincture 1oz 6.25mg,Tincture
Vet CBD,Vet CBD - 20:1 Regular Strength Tincture 2oz 12.5mg,Tincture
Vet CBD,Vet CBD - 20:1 Regular Strength Tincture 2oz 25mg,Tincture
Vet CBD,Vet CBD - 10:1 Extra Strength Tincture 2oz 25mg,Tincture
Vet CBD,Vet CBD - 10:1 Extra Strength Tincture 2oz 50mg,Tincture
Wave Riders,Wave Riders - STRAIN Preroll 1g,Preroll
West Coast Cure,West Coast Cure - STRAIN Tier 1 Rosin Cold Cure Badder 1g,Extract
West Coast Cure,West Coast Cure - STRAIN Tier 2 Rosin Cold Cure Badder 1g,Extract
West Coast Cure,West Coast Cure - STRAIN Tier 3 Rosin Cold Cure Badder 1g,Extract
West Coast Cure,West Coast Cure - STRAIN Live Resin Diamonds 1g,Extract
West Coast Cure,West Coast Cure - STRAIN Resin Sauce 1g,Extract
West Coast Cure,West Coast Cure - STRAIN Live Resin Badder 1g,Extract
West Coast Cure,West Coast Cure - STRAIN Live Resin Sugar 1g,Extract
West Coast Cure,West Coast Cure - STRAIN Jefferey Infused Preroll 1.2g,Preroll
West Coast Cure,West Coast Cure - Balanced AF Jefferey Infused Preroll 3pk 3.6g,Preroll
West Coast Cure,West Coast Cure - Chill TF Out Jefferey Infused Preroll 3pk 3.6g,Preroll
West Coast Cure,West Coast Cure - Wake Yo Ass Up Jefferey Infused Preroll 3pk 3.6g,Preroll
West Coast Cure,West Coast Cure - Watcha Ma-Call-It Jefferey Infused Preroll 3pk 3.6g,Preroll
West Coast Cure,West Coast Cure - STRAIN Jefferey Infused Preroll 5pk 3.25g,Preroll
West Coast Cure,West Coast Cure - STRAIN Preroll 1g,Preroll
West Coast Cure,West Coast Cure - CUREjoint All Day Pack 3pk 3g,Preroll
West Coast Cure,West Coast Cure - CUREjoint Around The World 3pk 3g,Preroll
West Coast Cure,West Coast Cure - CUREjoint Cookie Platter 3pk 3g,Preroll
West Coast Cure,West Coast Cure - CUREjoint Creative Pack 3pk 3g,Preroll
West Coast Cure,West Coast Cure - CUREjoint Exotic Pack 3pk 3g,Preroll
West Coast Cure,West Coast Cure - CUREjoint Gas Pack 3pk 3g,Preroll
West Coast Cure,West Coast Cure - STRAIN Mini Preroll 6pk 2.1g,Preroll
West Coast Cure,West Coast Cure - STRAIN CUREpen 1g,Vape
West Coast Cure,West Coast Cure - STRAIN Live Resin CUREpen 1g,Vape
West Coast Cure,West Coast Cure - STRAIN CUREbar 1g,Vape
West Coast Cure,West Coast Cure - STRAIN Live Resin CUREbar 1g,Vape
West Coast Cure,West Coast Cure - STRAIN Top Shelf 3.5g,Flower
West Coast Cure,West Coast Cure - STRAIN Headstash 3.5g,Flower
West Coast Cure,West Coast Cure - STRAIN 7g,Flower
West Coast Cure,West Coast Cure - STRAIN Premium Bag 3.5g,Flower
WVY,WVY - STRAIN Budder 1g,Extract
Wyld,Wyld - Huckleberry Hybrid Gummies 100mg,Gummies
Wyld,Wyld - Marionberry Indica Gummies 100mg,Gummies
Wyld,Wyld - Raspberry Sativa Gummies 100mg,Gummies
Wyld,Wyld - Sour Apple Gummies 100mg,Gummies
Wyld,Wyld - Sour Cherry Gummies 100mg,Gummies
Wyld,Wyld - Sour Tangerine Gummies 100mg,Gummies
Wyld,Wyld - Blood Orange 1:1 THC:CBC Gummies 100mg,Gummies
Wyld,Wyld - Boysenberry 1:1:1 THC:CBD:CBN Gummies 100mg,Gummies
Wyld,Wyld - Elderberry 2:1 THC:CBN Gummies 100mg,Gummies
Wyld,Wyld - Grapefruit Gummies 1:1:1 THC:CBC:CBG 100mg,Gummies
Wyld,Wyld - Peach 2:1 CBD:THC Gummies 100mg,Gummies
Wyld,Wyld - Pear 1:1 THC:CBG Gummies 100mg,Gummies
Wyld,Wyld - Pomegranate 1:1 Gummies 100mg,Gummies
Wyld,Wyld - Strawberry 20:1 CBD:THC Gummies 210mg,Gummies
Yummi Karma,Yummi Karma - Love Potion 6:3:1 CBD:THC:CBG Tincture 180mg,Tincture
Yummi Karma,Yummi Karma - Drift Away Tincture 300mg,Tincture
Yummi Karma,Yummi Karma - Mood Magic Tincture 300mg,Tincture
Yummi Karma,Yummi Karma - Stay Lifted Tincture 300mg,Tincture
Yummi Karma,Yummi Karma - Beauty Sleep CBD Tincture 1000mg,Tincture
Yummi Karma,Yummi Karma - Blue Raspberry Tincture 1000mg,Tincture
Yummi Karma,Yummi Karma - Birthday Cake Tincture 1000mg,Tincture
Yummi Karma,Yummi Karma - Cherry Pie Tincture 1000mg,Tincture
Yummi Karma,Yummi Karma - Cotton Candy Tincture 1000mg,Tincture
Yummi Karma,Yummi Karma - Root Beer Tincture 1000mg,Tincture
Yummi Karma,Yummi Karma - Strawberry Lemonade Tincture 1000mg,Tincture
Yummi Karma,Yummi Karma - Lights Out Tincture 1000mg,Tincture
Yummi Karma,Yummi Karma - Wicked Apple Tincture 1000mg,Tincture
Yummi Karma,Yummi Karma - Just Peachy 30:1 CBD Tincture 1030mg,Tincture
Yummi Karma,Yummi Karma - Watermelon Tincture 1:1 2000mg,Tincture
Zig-Zag,"Zig-Zag - Hemp Green Metal Rolling Tray 10.75"" x 6.5""",Accessories
